Calories (kcal),Distance (m),Average speed (m/s),Max speed (m/s),Min speed (m/s),Step count,Move Minutes count,Inactive duration (ms),Walking duration (ms),Day
187.8954600566851,394.52193117141724,0.9982056966739984,1.3509339094161987,0.30215588212013245,825,11.0,3531220,1011403.0,Sunday
2011.7923136750555,2307.518412053585,0.8046367128816575,1.3717323541641235,0.2721670269966125,6161,84.0,76056501,4640697.0,Monday
1870.7943030129225,679.1837902665137,1.5175513464786416,15.079999923706055,0.3033622205257416,2651,40.0,78430462,2236856.0,Tuesday
1927.9479790496268,1338.4613246917725,0.5250785994415069,4.199999809265137,0.2510583996772766,4313,64.0,77797645,3409920.0,Wednesday
1784.0590920355344,636.8306924104689,0.6782667907124593,3.559999942779541,0.29121825098991394,2620,46.0,74895170,1715951.0,Thursday
2018.305019417342,2847.8810390234,1.6954203178448355,6.130000114440918,0.2793554365634918,6112,77.0,79009953,4784456.0,Friday
2412.540308846509,10602.34349656105,0.7903980491661814,1.9600000381469729,0.24309326708316806,17498,197.0,73550463,11633783.0,Saturday
1970.5169479644187,1821.3117011785507,0.5784469719074886,1.5948913097381592,0.2557815611362457,4294,66.0,78868973,3871221.0,Sunday
1888.3965064022007,1080.2615287899969,0.988238416559616,15.949999809265135,0.2719799280166626,3140,41.0,78247282,2738697.0,Monday
2093.000673695106,3781.9402456879616,0.9866303754754892,3.25,0.2510583996772766,6936,86.0,68160562,6098149.0,Tuesday
1981.83632634168,2408.359532415867,0.7156099671913133,5.389999866485597,0.2574118375778198,5100,64.0,79487302,4047998.0,Wednesday
2078.7445613315053,2600.3404994010925,0.9742054810221744,5.769999980926514,0.2719799280166626,5545,82.0,69413786,5985225.0,Thursday
2153.492326618752,4683.953730344771,0.7264300999835142,2.0999999046325684,0.2615191638469696,9214,122.0,76942701,7540384.0,Friday
2150.2109173370527,4686.330510377884,0.4809597902789034,1.6200000047683716,0.2503799796104431,8980,114.0,75687255,8124606.0,Saturday
1902.8381646149533,799.5907406806946,0.8091144457099829,5.860000133514403,0.2498439699411392,2868,33.0,79974155,2656644.0,Sunday
2009.1515848423348,2595.989801883697,0.8674882078010483,14.369999885559082,0.24759499728679654,5885,73.0,75676144,5065719.0,Monday
1864.3175940507736,1291.6078588962555,1.026913768237405,1.7599999904632568,0.31696999073028564,3124,37.0,78116930,2504544.0,Tuesday
2397.549146729743,8582.539311587809,1.0751735829749185,10.109999656677246,0.2510583996772766,14883,179.0,68419494,11438130.0,Wednesday
2199.373499653624,5641.09631305933,1.870960044199302,13.18000030517578,0.2563503682613373,10523,129.0,71234065,8073711.0,Thursday
2456.150145729817,10043.79007601738,0.6629147845495623,1.7699999809265137,0.2615191638469696,16738,189.0,70137097,12498632.0,Friday
2495.0124793975697,7335.794294953346,0.7122956762583941,1.8429429531097408,0.2510583996772766,13776,190.0,70572251,12836239.0,Saturday
2186.1390631886034,5562.815697443621,0.639549070484891,1.6000000238418581,0.2668868899345398,9670,120.0,77783595,7700641.0,Sunday
2204.4721140524425,5620.488818335398,0.6636915850947878,8.9399995803833,0.2698372304439545,10470,139.0,74055288,8488024.0,Monday
2385.448618874715,5957.876696348189,1.2133591869485163,9.489999771118164,0.255498081445694,11649,162.0,64290033,12233246.0,Tuesday
2217.794192354201,3997.53039431572,0.8702722022749825,16.299999237060547,0.25186800956726074,7870,111.0,73712688,8238056.0,Wednesday
2293.107815552045,4337.975494146347,3.2785091461889504,10.520000457763672,0.2510583996772766,9311,137.0,71413887,9893317.0,Thursday
2362.656837049397,6213.072491943835,0.7982450685939892,9.670000076293944,0.2510583996772766,12105,172.0,71716086,10781357.0,Friday
2554.2228550445684,5681.119612812996,0.8913732147590141,5.329999923706055,0.2510583996772766,11465,170.0,69006279,14129173.0,Saturday
2391.848191843443,5116.240514874458,0.8703206871163851,3.990000009536743,0.2558481991291046,9937,131.0,71115290,11486602.0,Sunday
2137.5743276704143,2611.800545334816,1.1011285444071321,2.220000028610229,0.2615191638469696,6029,86.0,79204382,6897434.0,Monday
2142.5977241700657,1913.8118317723277,0.6270376557561835,1.6599999666213991,0.2571515738964081,5676,67.0,75558811,7029442.0,Tuesday
1915.1349324342966,953.7188807725906,0.4679593618567068,2.4200000762939453,0.3036004602909088,3027,37.0,81229088,3021265.0,Wednesday
2019.9333013977334,1965.0993270874026,0.4432991073340941,1.3827227354049685,0.2502709329128265,5051,71.0,75492528,5084278.0,Thursday
2040.875554586567,1679.0013185739515,0.9959576717493772,10.800000190734863,0.2615191638469696,5517,78.0,78334680,5432469.0,Friday
2207.7432308671146,3766.937472879887,0.6394397217142902,2.740000009536743,0.2510583996772766,7185,86.0,77541342,8026790.0,Saturday
1937.558704070981,1401.7718889713287,0.4875935950279776,1.429421305656433,0.2517887353897095,2808,40.0,83131841,3268159.0,Sunday
1926.0171839193156,1086.9812798500059,0.37462903079284987,1.2614240646362305,0.2559747099876404,3008,40.0,81729071,3130230.0,Monday
1929.9105892413413,2899.721033215523,0.800805911706659,1.6200000047683716,0.31157419085502625,5123,62.0,81515318,4342226.0,Tuesday
2187.339798479042,4059.2668160200124,0.9400989284415996,11.3100004196167,0.2615191638469696,7828,98.0,77078827,7678385.0,Wednesday
2478.02911211905,9539.265057206154,0.7032053633848224,2.8204021453857417,0.25490400195121765,13766,135.0,74449719,6833478.0,Thursday
2120.256364332485,4060.402631759644,0.5838472698570623,1.8200000524520876,0.2510583996772766,7274,96.0,79617375,6564006.0,Friday
2064.9208455203056,3969.7878682613373,0.8862187566762686,1.7300000190734863,0.30734798312187195,7040,84.0,80248897,5679690.0,Saturday
2091.466289355649,3395.4221628904347,1.2368271811562754,15.56999969482422,0.2898412644863129,6102,77.0,75153060,6206930.0,Sunday
2210.4815035891274,3305.4012176394463,1.243093073203675,10.640000343322754,0.2590416967868805,7502,147.0,75895242,5002076.0,Monday
1998.296253929707,1908.4001831412313,0.6184164342289877,2.4100000858306885,0.2510583996772766,5276,63.0,75621277,4337900.0,Tuesday
1967.0392079774049,1941.3958718776705,1.5542794862735008,16.399999618530273,0.2682328522205353,5105,67.0,73010027,3787388.0,Wednesday
2030.4206133913424,1876.2606471506444,0.7053146324389045,2.609999895095825,0.24987928569316864,5224,70.0,75740576,5043241.0,Thursday
2013.8750620809967,1830.3453399213467,0.7554819998466787,3.4100000858306885,0.2719799280166626,4814,65.0,80126724,4612282.0,Friday
2404.752775522013,9089.572198987009,1.0694605373848756,3.25,0.2653484344482422,15318,179.0,73692588,11815255.0,Saturday
2388.12162949874,8885.176367067308,1.5242578939566465,18.739999771118164,0.2615191638469696,15553,193.0,67658493,11536672.0,Sunday
2256.274192524215,7534.396928466349,0.8838464268797913,13.529999732971193,0.2615191638469696,12961,154.0,65830387,10933523.0,Monday
2364.358009142682,4086.89130717516,0.6759871864167467,2.4800000190734863,0.2516249716281891,8051,121.0,68511597,10944943.0,Tuesday
1956.0634605114728,1912.3750181794169,2.0848970530339184,14.039999961853027,0.2806490957736969,5281,67.0,77864941,3811163.0,Wednesday
2017.12079744703,3939.646033406257,0.9220046557702892,2.559999942779541,0.282440721988678,7672,93.0,76811730,5302852.0,Thursday
2152.6109907725386,3529.6779019236565,0.9492713527279201,3.119999885559082,0.26253798604011536,7147,91.0,74131356,7149732.0,Friday
2293.567743951983,5095.437924981117,1.2969551017989351,10.90999984741211,0.2497691512107849,11133,159.0,65211188,9919209.0,Saturday
2261.3018093451183,7296.081788480282,1.0726533754637817,6.559999942779541,0.2929014563560486,13498,186.0,69904138,10994731.0,Sunday
2075.5584295156705,2383.110093593597,1.5729009012885935,15.18000030517578,0.2883632183074951,6117,89.0,62814115,5967889.0,Monday
1911.1722643961505,1699.4587711691854,0.5129478451010396,1.6100000143051147,0.25740811228752136,4843,68.0,78285760,3144654.0,Tuesday
1955.8036966984846,1507.6650440692902,0.5235656303008765,1.3658298254013062,0.2510583996772766,4762,66.0,73269626,5026225.0,Wednesday
1973.8221863609838,1748.0609948039057,0.6103405827034245,16.739999771118164,0.256357342004776,4867,70.0,74152350,4538276.0,Thursday
2051.285714723137,2754.3720318079,0.625160707058082,1.3422513008117676,0.2490309923887253,6707,92.0,74167010,5928477.0,Friday
1802.0177118658703,677.8992590904237,0.35341298466445403,1.2400000095367432,0.3044082522392273,1724,19.0,85519059,880941.0,Saturday
2002.3548360306727,1621.7318898439407,0.7121788625755827,3.910000085830689,0.2526400089263916,3638,49.0,79378817,4409381.0,Sunday
2025.0958236503834,2337.663642823696,0.6096687023587383,9.300000190734863,0.2510583996772766,6968,94.0,72714551,6345522.0,Monday
2347.9577276146915,8139.141015997469,0.5918874617025719,15.720000267028807,0.24981485307216644,14286,179.0,71678378,10584304.0,Tuesday
2341.1607271392777,8568.047859260501,0.6600277225248097,2.359999895095825,0.2615191638469696,15332,191.0,67727973,10522175.0,Wednesday
2127.8606218179866,2234.1629320377083,0.5340207930046139,2.1199998855590816,0.2510583996772766,5602,104.0,74399178,5437222.0,Thursday
2070.0152726289166,3408.565117836598,0.7795401916692528,6.639999866485597,0.27910715341567993,7015,91.0,73362428,5601053.0,Friday
1986.744760520108,2869.493230938912,0.6982941685183126,2.6700000762939453,0.25858452916145325,5419,67.0,81633333,4300824.0,Saturday
2128.65807558626,2684.7511004209523,0.6832688256954323,2.0199999809265137,0.2522157430648804,6414,90.0,76867211,6713481.0,Sunday
2069.8904965036104,2896.28263665371,0.5570689012519114,1.399999976158142,0.24835245311260226,6460,82.0,75058621,5598855.0,Monday
2073.0290236604637,2800.7628522998803,2.0713909476816164,8.090000152587889,0.2929014563560486,6722,93.0,72224426,5813541.0,Tuesday
2210.6553141174586,6105.157754529999,0.725133219980734,8.300000190734862,0.2929014563560486,11096,142.0,69745988,8330929.0,Wednesday
2116.703347585911,5081.998602281526,0.7394327898799841,1.4721238613128662,0.24920278787612915,9375,119.0,69611156,7363961.0,Thursday
2322.0242773550685,7750.809915721416,0.8479735024290274,1.9900000095367432,0.2723215222358704,13658,168.0,69844468,10127066.0,Friday
2464.0063971931563,7484.317879438399,0.6251539213311396,2.9500000476837163,0.2629642784595489,14060,172.0,73968473,10568275.0,Saturday
2098.073742838466,3414.60351216793,0.4591342736200225,2.0699999332427983,0.2510583996772766,6843,81.0,76967949,6390812.0,Sunday
2018.4495720646091,3047.626440850699,0.8837084642385509,1.5513161420822144,0.2510583996772766,5675,75.0,70408896,5384259.0,Monday
1990.4327049165836,2092.7231331787466,0.6232549246683746,1.6499999761581419,0.2615191638469696,4836,67.0,78707441,4292872.0,Tuesday
1925.2566980748263,1452.4337569475174,0.7634515214282115,15.1899995803833,0.2741230726242065,3688,53.0,75386000,3207921.0,Wednesday
1934.5998585746775,1139.6360346674921,0.5422656624230353,1.3844552040100098,0.282440721988678,3182,41.0,80525440,3291617.0,Thursday
2131.6500090303475,5342.478942871094,0.6714885388577245,2.25,0.3044806718826294,10229,117.0,79625202,6709808.0,Friday
2020.622335725392,3674.1286857128143,0.6131588262282976,1.306238889694214,0.2554539442062378,7273,82.0,74783581,6610500.0,Saturday
2067.817353138125,7582.886575996877,0.6914112367638213,1.7899999618530271,0.24153488874435425,12813,149.0,71078253,9741501.0,Monday
1859.8884882273849,1609.4226288795471,0.8259359167624614,1.3673648834228516,0.30985164642333984,4499,48.0,80254572,2154424.0,Tuesday
1992.3404598946,3767.2258790135375,0.7158803513477314,1.294477105140686,0.30648794770240784,7783,79.0,81572998,4754509.0,Wednesday
2238.264581659256,6781.3177790641785,0.7273691441051157,1.6499999761581419,0.2510583996772766,12199,135.0,70617694,10136208.0,Thursday
1863.402372686092,1053.6897151470184,0.7538734923551949,1.2388731241226196,0.27301913499832153,2493,30.0,83743081,1988226.0,Friday
2415.538955966691,8275.506109714508,0.66688115615675,1.839166045188904,0.2487403005361557,15001,169.0,75678519,7152954.0,Saturday
1810.4851550505896,450.89955051097314,0.4767525856834398,1.245814323425293,0.3013119101524353,1315,14.0,82770460,1064156.0,Sunday
2104.827512599527,3076.2535572513634,0.5143270317091176,6.380000114440918,0.30082017183303833,6849,92.0,73553944,6553446.0,Monday
1913.9862421739454,810.6830943822861,0.7951477773088212,7.0999999046325675,0.2615191638469696,3071,42.0,78623586,2993874.0,Tuesday
2109.9793762356426,3191.9365710146058,0.5791800373331744,1.4898470640182495,0.2615191638469696,7207,88.0,72882634,6304922.0,Wednesday
1949.109155965964,1111.1790184252627,0.6715768207556997,9.710000038146973,0.2929014563560486,3650,53.0,74634227,3515978.0,Thursday
2286.474412575774,5759.977953732015,0.9632073828704252,12.149999618530273,0.26166269183158875,10211,135.0,70303239,9478265.0,Friday
2180.7152560861186,3028.3781175613403,1.9938025097373224,15.56999969482422,0.2615191638469696,6277,90.0,71778961,7550760.0,Saturday
2012.639094392989,1472.8696974515915,0.4198433432965202,1.4900000095367432,0.2586735188961029,3991,64.0,72382014,5345182.0,Sunday
2099.370855615977,2953.954660475254,1.1127074739208915,18.06999969482422,0.24447210133075714,6467,93.0,70336534,6311065.0,Monday
1971.7227515935147,1945.5719089508054,0.7063023281064335,1.433216214179993,0.2510583996772766,4756,61.0,77461864,3880911.0,Tuesday
1963.0437403925,1613.344261825085,0.566893252918022,3.4300000667572017,0.3033215701580048,4888,70.0,77418453,3847969.0,Wednesday
1887.0788122832214,930.3270876407623,1.2034087194613945,13.359999656677244,0.2510583996772766,2789,35.0,78678919,2496084.0,Thursday
1859.0515231789645,947.605524778366,0.6638472209481091,5.010000228881836,0.2520365417003632,2584,36.0,78162671,1906557.0,Friday
1860.1148462828642,356.8756172657013,0.7011139534231925,12.630000114440918,0.30025961995124817,1642,17.0,81472896,2019794.0,Saturday
2269.32055486048,6284.965999722481,1.077803816288403,4.050000190734863,0.24889880418777466,11638,136.0,74879804,7778526.0,Sunday
2505.5742177459233,8627.226446926594,1.2783543975970502,25.809999465942386,0.2510583996772766,14121,168.0,67138059,12100833.0,Monday
1881.0498676440548,7293.5267627835265,1.9029744668711392,15.020000457763672,0.2528320550918579,12416,164.0,44253455,10989733.0,Tuesday
2828.5082388076507,11494.40606248379,0.7058845849237301,1.6251306533813477,0.25019562244415283,20954,265.0,62150021,19431752.0,Wednesday
2370.670826169596,8028.920650064945,0.782559766557608,7.730000019073486,0.2454560250043869,13457,177.0,75254402,10961949.0,Thursday
2236.8008966064604,4696.120890915395,0.8792696006243201,5.360000133514403,0.2615191638469696,8804,122.0,70453815,8649623.0,Friday
2175.832552667017,4799.139779806137,0.7279669049702395,9.34000015258789,0.2510583996772766,9627,113.0,77231117,7633443.0,Saturday
1824.600335388006,387.4608102440834,1.0070870205484337,1.5974544286727903,0.30968600511550903,1226,16.0,83288275,1278677.0,Sunday
1831.4777755329935,522.2366562485695,0.7722272133188975,16.329999923706055,0.280943363904953,2189,28.0,79925317,1421313.0,Monday
1950.6920038256533,636.2411653995514,0.5199274118653876,1.2699999809265137,0.2515610754489899,2480,55.0,81147220,1923493.0,Tuesday
2128.2452577010017,3709.155980225356,0.6068394902275488,6.289999961853027,0.2416189014911652,7109,86.0,73460891,6626630.0,Wednesday
2208.7497875150552,4074.1515672247115,0.6660978344878746,11.369999885559082,0.2687349021434784,8673,110.0,66071917,8346486.0,Thursday
1944.7366668751208,1922.2337902784348,0.4215357952132612,1.1954712867736816,0.3055056631565094,4455,53.0,80646444,3700627.0,Friday
1875.6014072279972,1927.4823582768438,0.7092711955747731,1.2608102560043335,0.29800811409950256,3511,39.0,84223066,2176934.0,Saturday
2225.240342792958,3688.8354462414695,1.0361906749432608,15.720000267028807,0.2510583996772766,7622,111.0,68867579,9047175.0,Sunday
2030.3634462957868,1327.6411376565982,1.1950594564584367,13.880000114440918,0.27910715341567993,3445,45.0,71517477,5119715.0,Monday
1949.5444692260253,1512.5238265395167,0.7634934983824282,3.359999895095825,0.2719799280166626,4158,55.0,78751797,3521034.0,Tuesday
2061.8376088900245,3050.233687222004,0.7858199004374181,1.3568758964538574,0.30694055557250977,6856,81.0,76176418,5457024.0,Wednesday
1921.6442068261715,918.0534933805466,1.0752410528278216,7.960000038146973,0.2344139665365219,3034,43.0,76218110,3095366.0,Thursday
1986.95183466073,1883.6773400306704,1.2590504832182208,4.179999828338623,0.2702103555202484,5453,75.0,79395292,4390035.0,Friday
1918.089494006604,1611.1490457654002,0.8994497904741532,10.40999984741211,0.2719799280166626,3483,47.0,79420680,2925258.0,Saturday
1998.3915696020165,1485.3083999752996,0.4715393776909347,15.859999656677244,0.24985650181770325,3419,54.0,81043069,4356302.0,Sunday
1781.4068441509728,681.3270644150681,1.2799262705550591,9.359999656677246,0.2918054163455963,2667,37.0,69343399,2482327.0,Monday
2145.1199880145136,3115.7910411752755,0.6650483443059346,1.355372667312622,0.23782433569431305,6835,97.0,73834283,7150938.0,Tuesday
1891.2994136293387,1149.5385329723358,0.4846962392046044,6.1599998474121085,0.2347691059112549,3640,49.0,75114287,3093297.0,Wednesday
1909.1786587715715,1084.6959505677223,0.4308480737440639,2.609999895095825,0.2615191638469696,3323,49.0,74984634,3003000.0,Thursday
2018.651216190963,2058.7364822030067,0.5536777730793421,1.378765344619751,0.30746543407440186,5083,71.0,77599298,4696405.0,Friday
2061.8311955938343,3860.913034319877,0.8017915692688083,1.5099999904632568,0.2835327088832855,7762,84.0,79827663,5750446.0,Saturday
1937.358814487896,1191.7669367790222,0.4892614354172045,1.3153899908065796,0.30387604236602783,2911,48.0,81846977,3589026.0,Sunday
2014.4067885041995,1819.254441022873,0.9773909150706326,10.390000343322754,0.2615191638469696,4734,72.0,77435872,4904239.0,Monday
2023.1194012168667,2076.1516375541687,0.5492577956834684,1.433218240737915,0.2566690444946289,5191,83.0,78832608,4145069.0,Tuesday
2026.9430185871795,2918.572853147984,0.8003414326025984,15.34000015258789,0.2615191638469696,6181,78.0,76314036,5024601.0,Wednesday
1994.340628605921,2142.920142829418,0.7841046642717193,11.649999618530273,0.2510583996772766,4646,67.0,73614588,4558315.0,Thursday
1912.8495699668772,865.7334532141685,0.8471488616000336,13.65999984741211,0.24989253282547,2528,38.0,80614161,2832970.0,Friday
2339.1381346037588,5838.4417905807495,0.5852020160867566,1.8743665218353271,0.2406712770462036,12294,164.0,68312779,9804820.0,Saturday
1785.6452185972698,283.2163853645325,1.0847472014317203,1.6299999952316284,0.282440721988678,790,9.0,83770002,636177.0,Sunday
1969.8834010692144,1915.9073447585104,0.8482089878688625,10.800000190734863,0.2552032470703125,4622,67.0,74615580,4344749.0,Monday
1951.644733403602,1380.6926951408386,1.0956675156374334,14.529999732971193,0.2510583996772766,4851,68.0,67012975,5019131.0,Tuesday
2005.563396689453,1432.1596450805664,1.3668426493039514,4.829999923706055,0.2615191638469696,3990,64.0,75396015,4465893.0,Wednesday
2127.29927717073,6263.408760249616,1.7277556995332517,28.13999938964844,0.2719799280166626,11312,155.0,54360786,10311294.0,Thursday
1896.5051961410445,1753.5130825042725,0.5213022534072085,1.5579009056091309,0.2887316048145294,3758,48.0,82738164,2695661.0,Friday
1887.1098498765439,949.866196155548,0.6477625679231368,1.2455610036849976,0.31382298469543457,2606,31.0,83553940,2502372.0,Saturday
1940.710611112127,1351.6407274007795,0.5019934242040082,17.790000915527344,0.2615191638469696,3907,48.0,77628737,3471301.0,Sunday
2452.1382028986677,1559.8411722183228,3.2822977852691935,23.57999992370605,0.2763607203960419,4824,206.0,61652348,3714334.0,Monday
1835.0771597813198,1631.072012424469,0.8312092313753022,11.039999961853027,0.2510583996772766,5612,89.0,67938270,3600487.0,Tuesday
2180.175427489451,4960.561206638813,0.8291529617638308,16.219999313354492,0.2510583996772766,10033,123.0,71220814,7879362.0,Wednesday
2177.6923938308223,2941.294212579727,0.5776415523917506,1.766201734542847,0.28004518151283264,7361,136.0,73002783,6261049.0,Thursday
1872.25358269232,1341.096005320549,0.824831341305739,8.170000076293945,0.24367162585258484,3581,54.0,80227547,2549963.0,Friday
1998.976208575278,3511.3545349836354,0.7886386661924091,1.690000057220459,0.3026458919048309,6665,71.0,81267040,4555952.0,Saturday
2031.75171564892,1608.7234641909602,0.7442017863817185,1.441638708114624,0.28642672300338745,4278,58.0,76888198,4927137.0,Sunday
1953.0729330436413,1668.4991200566294,0.8134338707041661,6.46999979019165,0.2510583996772766,5767,84.0,74127759,3960539.0,Monday
1907.607425378004,1365.3024092912676,0.7259141541268586,11.84000015258789,0.2805977165699005,4040,54.0,76308393,3159501.0,Tuesday
2102.2774080673253,3011.4815399050713,0.9485953973572232,11.739999771118164,0.2510583996772766,7437,103.0,75583121,5573813.0,Wednesday
2020.598293243519,1883.874020218849,0.591681202828084,2.450000047683716,0.26722994446754456,5145,78.0,77433292,4866030.0,Thursday
2093.414704770129,3017.898633480072,0.6226721346865179,1.2907302379608154,0.2726443409919739,7168,97.0,77306769,5200644.0,Friday
2017.936619988124,4885.244277000427,1.0493461973729323,2.200000047683716,0.3075980544090271,7773,83.0,81608960,4712035.0,Saturday
2205.298527778969,5534.2447816729555,0.6827994481508415,1.8114984035491943,0.2594341039657593,11018,128.0,73980949,8012354.0,Sunday
1814.0267956374216,599.6151208877562,0.38751086204040025,1.441397190093994,0.2740660309791565,2322,28.0,82876499,1490659.0,Monday
2218.3604401761945,2944.7701023817067,0.7377998112222152,11.43000030517578,0.23798535764217374,7551,125.0,70391261,7851121.0,Tuesday
2081.290457486228,3169.625834941864,0.6269023131251082,6.880000114440918,0.2615191638469696,7141,96.0,72289141,5723706.0,Wednesday
1996.8957564403133,1271.2761543260933,0.4900932049314874,4.260000228881837,0.2615191638469696,4111,74.0,76371317,3508381.0,Thursday
1804.6483287158514,439.79598797689664,0.3327903192745417,1.398241400718689,0.31262168288230896,2029,30.0,84349029,968709.0,Friday
1968.241996343057,4655.061535894872,0.767951914715991,3.119999885559082,0.3082762062549591,8113,89.0,80631072,4225181.0,Saturday
1831.4521338265304,1011.8164106607436,3.2095182780943086,10.420000076293944,0.2583346664905548,3195,42.0,80050643,1642932.0,Sunday
1855.0181184693392,863.0895455479622,0.5801294304527576,14.93000030517578,0.27031299471855164,4417,73.0,78951559,2238510.0,Monday
1921.3730776920981,2284.9255123138432,0.6325754107289273,2.1199998855590816,0.24945005774497986,5368,60.0,79287902,3450403.0,Tuesday
1978.0281443653928,3897.970003426075,0.975083940438082,2.1411311626434326,0.25466054677963257,8182,96.0,75471871,4276191.0,Wednesday
1863.4327626386373,1038.3257228136065,0.9479592838283448,15.3100004196167,0.2713106274604797,3666,58.0,75782171,2156545.0,Thursday
2010.7826434507128,4375.018533766271,0.9675889463303884,2.133800983428955,0.2500849068164825,9498,122.0,76505520,4890517.0,Friday
1932.4698714054584,3630.014505445957,1.0313338403846024,2.940000057220459,0.3665958344936371,6562,68.0,80290435,3284274.0,Saturday
2041.5342975674027,5632.7760179042825,0.7425424515484608,2.220000028610229,0.2324574440717697,11483,136.0,77192055,6180351.0,Sunday
2005.2342795976847,3228.0090561509132,0.9861480468893281,13.859999656677244,0.26410818099975586,7171,98.0,74835027,4750499.0,Monday
1954.504051038307,2273.380682170391,0.8227902603936528,2.0199999809265137,0.2510583996772766,5561,86.0,71895558,4121803.0,Tuesday
1926.8912001581928,2711.9927567243576,1.2241916044744383,13.010000228881836,0.30160123109817505,6573,81.0,74784610,3658798.0,Wednesday
1893.3575716346481,2928.162045776844,0.7735230973054864,9.15999984741211,0.25535547733306885,7062,84.0,76064906,3347651.0,Thursday
2073.335926210837,3995.176486372948,0.9553605220568352,6.539999961853027,0.2510583996772766,8535,119.0,65557409,6081516.0,Friday
1926.452310442416,3026.679416000843,0.7544960295196346,1.9037766456604004,0.26166290044784546,8500,115.0,77804484,3492799.0,Saturday
1975.9943265244924,4317.226495862007,0.8267661197899085,1.9590818881988523,0.3063632249832153,8265,100.0,77623586,4660616.0,Sunday
1890.3700944578754,2817.636983156204,3.4345011287170517,9.890000343322754,0.2615191638469696,6105,69.0,79420933,3022168.0,Monday
1809.4144586413165,534.9527516365051,1.2998549943995796,16.420000076293945,0.2510583996772766,2297,30.0,74890375,1425180.0,Tuesday
1945.52593278686,3413.5171636343,0.9541421338115358,14.869999885559082,0.2719799280166626,8942,105.0,74246332,4034485.0,Wednesday
2066.7725856369407,5492.849887251854,0.8640126909828809,11.279999732971193,0.2966886758804321,11178,130.0,74134525,6098956.0,Thursday
1835.1518783043384,1020.7841933965684,0.7594877578128277,14.399999618530273,0.2494964897632599,3490,46.0,76189346,1883371.0,Friday
1730.1202602767562,422.6297277212143,0.6184637387660088,1.564698338508606,0.31042516231536865,1868,24.0,76536993,934600.0,Saturday
1886.6830585894738,2931.2929592728606,0.7512725347486884,12.15999984741211,0.2746296226978302,7191,98.0,69696016,3802960.0,Sunday
1829.2372546542802,1927.464788556099,1.0316681067840143,12.84000015258789,0.2488434463739395,7918,111.0,63677040,3555384.0,Monday
1852.6428919037023,2238.292170882225,0.7728119266733465,1.9202113151550293,0.2835471332073212,5803,70.0,77673193,2604992.0,Tuesday
1882.6368534295602,1536.5290310978892,0.5834520718463827,14.710000038146973,0.3033622205257416,6101,88.0,75348747,2890607.0,Wednesday
1862.4089430354031,1096.7727385163307,0.6572700902636067,1.5600496530532837,0.30122804641723633,5294,78.0,77878585,2280936.0,Thursday
1917.5389363206314,1926.9908760190008,0.5883091956525696,1.7799999713897705,0.23669274151325226,6315,95.0,75906716,3496462.0,Friday
1887.9106483825747,2148.0522166490555,0.7758982924274717,2.200000047683716,0.2719799280166626,4394,52.0,81417672,2531291.0,Saturday
1826.2164259792262,1198.6902640461924,0.8862471925442681,1.5422095060348509,0.30535632371902466,3955,49.0,84460376,1299488.0,Sunday
1838.9030792674341,905.1112350004704,0.7598509794579538,15.520000457763672,0.29817622900009155,3991,49.0,77315111,1842425.0,Monday
1810.2998550196985,627.0518274527993,0.5790580072886935,1.857390284538269,0.3005145192146301,3825,50.0,78005980,1527986.0,Tuesday
1859.00027563731,940.3488156795503,0.7206019774391491,7.329999923706055,0.2855530083179474,3796,57.0,79507640,2082846.0,Wednesday
1836.4487271487585,1634.6472138762476,0.7265783356296434,1.6216826438903809,0.2615191638469696,5233,66.0,76776098,2091291.0,Thursday
1759.6011997964868,131.62378787994385,1.7484863811756524,10.170000076293944,0.3122854232788086,1440,17.0,82911740,289207.0,Friday
1831.1302955948397,1286.7651546001434,0.7321606730268562,1.5578665733337402,0.3568131029605865,3067,37.0,84096902,1632448.0,Saturday
1857.8888720536252,2482.081450462341,0.9001157601719816,2.1099998950958248,0.3046852052211761,4974,46.0,81635433,2199059.0,Sunday
1891.0329330822865,1979.4485176801682,1.353997207343177,10.079999923706056,0.25289615988731384,5332,66.0,70430340,3086486.0,Monday
1768.5628601454605,475.5232031345368,0.5273449225116651,1.2569540739059448,0.3098644912242889,2365,34.0,77133699,1117256.0,Tuesday
1798.5413294494824,525.1571584939957,1.1560832626838933,14.5600004196167,0.2501823902130127,3508,48.0,80443988,1075815.0,Wednesday
1849.3459820990875,1104.0265041589737,0.6585646313292521,1.811147928237915,0.26700302958488464,4809,63.0,77020823,2044055.0,Thursday
1957.0937510275965,3276.2195994257927,0.6387151802538173,1.8414046764373782,0.246600404381752,7786,98.0,78480199,3995620.0,Friday
1723.0662297024842,1610.4849827289581,1.383424167905626,15.140000343322756,0.24446173012256625,4948,63.0,70893935,2299506.0,Saturday
1882.9293725144946,2314.544538974762,2.0303886521080994,3.829999923706055,0.3082546293735504,3868,47.0,81767775,2378266.0,Sunday
1946.941338130677,2071.3784825205803,0.6534770264432949,2.051687479019165,0.2493112683296204,7596,101.0,69559263,3958389.0,Monday
1881.2358397301048,1194.2214710712433,2.7911735961502657,9.229999542236328,0.2510583996772766,4119,56.0,76728363,2178318.0,Tuesday
1938.0808293957568,3136.465738654137,0.7824958806638825,3.9500000476837163,0.2768221795558929,7042,83.0,76076066,3732695.0,Wednesday
1839.7302718847486,1092.9283382296562,0.6297141550967005,12.489999771118164,0.26791420578956604,4240,58.0,77323166,2054774.0,Thursday
1826.1821068582965,676.8140468597413,0.751148654747073,1.349498987197876,0.2510583996772766,2214,33.0,81822105,1407444.0,Friday
1862.6917005518612,2268.9137091636653,0.8532381478432278,1.5800000429153442,0.4551777541637421,4280,48.0,83478718,2205277.0,Saturday
1807.417968285811,775.0145137310028,0.5712356570424704,14.59000015258789,0.3013087511062622,3314,36.0,84325360,1103761.0,Sunday
1879.074732434758,1516.7645037174225,0.6334513882030072,1.6243914365768433,0.2822427749633789,6434,93.0,76681579,2751590.0,Monday
1807.5387718440409,457.3062161207199,0.6772869481075479,2.200000047683716,0.3024199306964874,3660,47.0,79084184,1152018.0,Tuesday
1965.1416185561027,3760.4131103158,0.9652816143026124,1.9693968296051023,0.2615191638469696,8160,89.0,80821616,4004729.0,Wednesday
1808.5459518733512,970.5672523379326,0.906438237747306,1.7070295810699463,0.2707058787345886,3000,45.0,83542247,1191088.0,Friday
1840.6019009540826,1623.9485046863556,1.609023041339879,2.127410411834717,0.3674414157867432,3277,38.0,84855589,1544411.0,Saturday
1942.3668353063536,3412.007131576538,0.6713562412248629,1.7876447439193726,0.25950056314468384,7664,101.0,68226187,5095295.0,Sunday
1767.265668189762,571.4296978712083,0.6707015460267416,1.1722593307495115,0.31140658259391785,3771,48.0,79144079,1137493.0,Monday
1816.5961491412,760.488129556179,4.245879498162367,11.800000190734865,0.25821882486343384,3814,50.0,79894086,1282487.0,Tuesday
1839.3539122328525,857.2474024295807,1.197084291422157,12.609999656677244,0.2311336696147919,3454,49.0,78131376,1778406.0,Wednesday
1920.264990097688,2580.2766852378845,0.9724440546630776,11.4399995803833,0.2405097931623459,6717,93.0,72425355,3579934.0,Thursday
2006.0458983155206,2962.5759439468384,0.6304958507627825,6.880000114440918,0.3052985072135925,6376,85.0,76936791,4711786.0,Friday
1925.4947247293735,3886.862288475037,0.7939270401607706,1.8500000238418581,0.2764045298099518,6325,69.0,79708358,4012514.0,Saturday
2047.8848642946664,5688.493592381477,1.592233956630884,3.5,0.3023427426815033,9970,109.0,80051126,5510401.0,Sunday
1907.1629381524224,1861.578162074089,1.0334571228011538,11.09000015258789,0.2613516449928284,5465,78.0,75978760,3062849.0,Monday
1988.685561581113,1796.1223255991933,3.96215089695768,13.3100004196167,0.2682730853557587,5226,84.0,74940694,4450066.0,Tuesday
1815.140253438646,636.6854465007783,0.5616569235718177,1.1948966979980469,0.25279298424720764,3258,43.0,79785887,1453834.0,Wednesday
1840.8432564335446,1065.5967341661453,0.5182096096696482,1.6293069124221802,0.3018338978290558,4161,61.0,79545603,1979786.0,Thursday
1937.1586814782947,3188.928953409195,0.7979071700488753,3.059999942779541,0.2827305793762207,11362,164.0,67681396,4373787.0,Friday
2132.4332260754945,6955.292038977146,0.9127436714950534,5.03000020980835,0.24153488874435425,15441,198.0,71034303,7686975.0,Saturday
2064.466421154845,5091.391616622192,5.740237198729244,17.34000015258789,0.3070816993713379,11282,156.0,73769889,6082084.0,Sunday
2217.210355464493,7782.706418951768,1.4252574120413837,15.9399995803833,0.2719799280166626,14616,185.0,71227368,8679789.0,Monday
2365.6078607613904,10602.006373345852,1.340728416369902,14.960000038146973,0.3045554459095001,18655,225.0,72026149,11460057.0,Tuesday
2385.7763404298144,10708.980022192,1.183816875036526,18.68000030517578,0.2955250740051269,25391,341.0,55721044,13863139.0,Wednesday
2164.5139319827035,4313.858897149563,1.124929528830042,23.96999931335449,0.2443315237760544,10276,149.0,64013541,8520808.0,Thursday
2043.9551541670685,4681.625661611557,1.527401735169541,7.369999885559082,0.3036487102508545,9301,113.0,72893477,5321227.0,Friday
1770.6710853062673,408.6029539108277,2.187105881160968,6.320000171661378,0.29679059982299805,1152,13.0,83765281,535810.0,Saturday
1765.6353492860528,216.67130923271182,3.6224251994701255,7.679999828338622,0.3060627579689026,854,12.0,84873577,448835.0,Sunday
1812.106317561663,736.4084393978119,1.4877885884862059,8.090000152587889,0.2658362984657288,3210,43.0,77662666,1376144.0,Monday
1846.250025990059,1336.5211963653564,1.846514799626616,8.079999923706055,0.2560337781906128,5015,71.0,76562022,2106027.0,Tuesday
1861.916808699772,606.5609340667726,0.6665667718489381,12.81999969482422,0.24971650540828705,3002,48.0,79690270,1941036.0,Wednesday
2002.6124472705399,1877.6973245739935,0.6616164790914063,1.7640185356140137,0.2571853399276733,5298,69.0,78587880,2694085.0,Thursday
1811.3455480307211,807.5598493814467,1.3376235080017471,13.720000267028807,0.2568226456642151,3092,42.0,80705081,1775757.0,Friday
1845.2284731142513,2395.6899884939194,0.8966514390232572,2.0784761905670166,0.3780250549316406,5726,67.0,83553979,2372745.0,Saturday
1979.2460775126087,3292.460597157479,0.5231035468970042,13.289999961853027,0.2689569294452667,9956,142.0,76959134,4459856.0,Sunday
1805.8405492162854,1337.117817759514,0.5714661541576536,17.639999389648438,0.2831496298313141,4194,58.0,81075545,1759177.0,Monday
1850.0267794241668,1235.2240427732468,1.535274948506553,16.569999694824222,0.2951696813106537,5281,70.0,78651900,2447490.0,Tuesday
1938.2375311135975,2974.6809787750244,0.7401811354084626,1.4315448999404907,0.3375687301158905,8848,114.0,78257941,3821608.0,Wednesday
1759.818458263051,485.7359377145767,0.6829583053088852,1.5129234790802002,0.339485764503479,4485,63.0,82895614,1042257.0,Thursday
1723.0147259072573,427.9138686656952,3.0233494834428054,13.649999618530273,0.41764190793037415,3065,42.0,83748388,468945.0,Friday
1869.9478212438491,1906.5157545804975,0.7265284388275911,1.7598236799240112,0.26027244329452515,4630,58.0,81827387,2757816.0,Saturday
2129.768482128065,7309.75743997097,2.0707896876838574,4.4099998474121085,0.3396902084350586,14050,151.0,78412397,6805205.0,Sunday
1989.3911015774274,2257.4729325771327,1.2710150606623514,8.430000305175781,0.27185773849487305,9422,153.0,74508189,3260032.0,Monday
1807.8698332889976,1182.221338391304,0.7002741883488589,1.7401292324066162,0.24269843101501465,6375,89.0,79748284,1790784.0,Tuesday
1861.8051838473389,2499.709929585457,1.5029246143926271,12.699999809265135,0.3320252299308777,6265,78.0,74352131,2570207.0,Wednesday
1812.3005326524426,988.2701758146286,1.4055625940972998,15.489999771118164,0.3315151333808899,4993,71.0,78317461,1859806.0,Thursday
1816.2658881863813,1017.2533864974976,0.6993104930481401,1.9400984048843384,0.2641185224056244,4703,61.0,81903151,1921576.0,Friday
1775.365238205104,1186.8712433576586,0.9086774308811572,1.5179731845855713,0.33062106370925903,5008,75.0,84649769,1284441.0,Saturday
2103.2521168065855,6869.479329228401,5.746021098647428,17.350000381469727,0.2547999322414398,11049,124.0,71095260,6392142.0,Sunday
2056.103591923687,5625.905361220241,0.4583810305692725,13.140000343322756,0.0772605836391449,12010,150.0,67942817,5657679.0,Monday
2099.284319080814,8021.3629142045975,1.074563954984997,17.020000457763672,0.2887738049030304,12660,143.0,75737040,5922081.0,Tuesday
2072.765802779389,4289.2427163124075,0.6211901952735747,5.369999885559082,0.26272764801979065,9558,124.0,72717403,5835662.0,Wednesday
2016.198944278911,3567.955417990684,0.6470952236290693,2.0223388671875,0.28309503197669983,8848,115.0,76822109,5036060.0,Thursday
1853.457002220838,1736.7682909965515,0.9885355240729072,8.319999694824219,0.2472639232873917,5576,79.0,77356641,2500928.0,Friday
2166.1811651484763,5453.177072405815,1.0463821089178558,2.0999999046325684,0.3347107768058777,10081,131.0,77514292,7372433.0,Saturday
2350.290259101665,9998.144235730173,1.1989725884908151,16.5,0.2672871351242065,16174,200.0,72810701,8137114.0,Sunday
1791.394552351897,785.7584519386293,0.6305769464854081,1.12517249584198,0.2546008229255676,4881,77.0,78514094,1534141.0,Monday
2055.174755966322,3531.1622427323714,1.1051790121650091,13.670000076293945,0.305537223815918,9214,145.0,75007744,4241939.0,Tuesday
1906.2077754684783,2131.2421933790797,0.8593538327852457,9.15999984741211,0.25480523705482483,6945,97.0,66618844,3322625.0,Wednesday
1913.1893828807026,3405.408850669861,0.6729170301065879,2.5035502910614014,0.2799336016178131,7682,101.0,80045782,3424808.0,Thursday
1880.6613653478116,2677.2268633842473,0.6766448447132688,1.517356276512146,0.25938621163368225,4949,56.0,82499882,2924705.0,Friday
1832.4163295978049,1452.7193303108215,1.0063223433198367,1.3793655633926392,0.25479039549827576,5359,73.0,80836841,2173162.0,Saturday
1880.2280999939828,2668.36818766594,1.2471353761435136,2.83949875831604,0.2833094298839569,7304,94.0,82678622,2917956.0,Sunday
1939.036411411116,1988.498329758644,2.229246819762161,16.280000686645508,0.31140443682670593,7253,99.0,80320361,3110521.0,Monday
1865.9840016261126,1921.8487763404846,0.7533902567179671,2.0441639423370357,0.3272080719470978,6290,93.0,74457322,2696070.0,Tuesday
1874.0283943944405,1305.5902576446533,0.7407553097904765,1.34048593044281,0.31467318534851074,4689,67.0,75047350,2821380.0,Wednesday
1828.0567798168827,1336.650599002838,0.9511240280148868,1.6130402088165283,0.29110875725746155,5124,74.0,75805176,2105253.0,Thursday
1746.2310453159882,419.7436261177063,0.6840867842999024,0.9648067355155944,0.3231196105480194,3102,45.0,81363186,830601.0,Friday
1857.1149971924108,1779.3730688095093,0.9066141501376006,1.7829110622406006,0.3394858241081238,7097,96.0,76199792,2557908.0,Saturday
2176.537961290253,5675.675281208009,2.033456498498837,12.829999923706055,0.316853404045105,8191,82.0,75391287,1433976.0,Sunday
1872.6791193502427,1266.413038730621,0.5642684520934428,1.8418277502059937,0.32835787534713745,5337,77.0,78771583,2800364.0,Monday
1842.904909513956,1245.0246803760526,2.294321019253564,15.390000343322756,0.2478545606136322,6277,96.0,75366532,2336552.0,Tuesday
1801.3703155994708,931.5762838125228,0.7850688766066569,1.4942233562469482,0.2620321214199066,2624,32.0,82169521,1689540.0,Wednesday
1979.199878303707,3723.4819116592407,1.1815505965891386,2.2044596672058105,0.2887636125087738,7220,81.0,78961380,4459701.0,Thursday
1777.9871059457496,1160.8270899057386,1.2986575211397464,13.029999732971193,0.2713057696819305,3460,47.0,83309997,1325286.0,Friday
2062.3422943914265,6466.733493804932,1.0538074614237034,2.842674970626831,0.3197307288646698,12332,139.0,79031476,5754864.0,Saturday
2172.509410341031,5534.1084357775235,0.8357683012239224,18.239999771118164,0.2642495036125183,7913,69.0,81406962,1076766.0,Sunday
1832.670354186497,1580.088424535893,1.2224939599982498,20.51000022888184,0.3255669772624969,4420,56.0,80060968,2540317.0,Monday
1766.0719039229025,1188.3897582292554,0.7351912688870388,1.5885154008865356,0.332438200712204,3603,46.0,82361899,1628512.0,Tuesday
1918.2962982497172,3523.51637005806,4.803382785618887,15.129362106323242,0.2482343167066574,7853,97.0,79545533,4098211.0,Wednesday
1762.6510765819373,1163.4862303733826,1.0533313429468965,5.560226917266847,0.33423081040382385,4755,53.0,81193779,1573017.0,Thursday
1749.9409563492902,1175.1153781414032,3.8939437143862303,9.704496383666992,0.4535142183303833,5040,58.0,82822759,1366803.0,Friday
1725.9484482421026,596.4227886199951,0.8378246192332567,1.4659879207611084,0.516060471534729,3952,43.0,83790723,977547.0,Saturday
1988.4082049732294,4717.457789778709,0.8654105081467478,1.7690757513046265,0.36348703503608704,8109,101.0,80025676,5235709.0,Sunday
1922.6177123954135,3724.508120656014,1.3560623174621218,15.23231601715088,0.32315778732299805,8848,107.0,74439813,4168320.0,Monday
1808.4370882577653,1212.132315993309,0.7230386000757851,2.9329097270965576,0.2667607069015503,5863,87.0,79671443,2315849.0,Tuesday
1908.6500481363653,3024.258316636085,2.2421494050500343,15.097489356994627,0.33804744482040405,7293,97.0,74113869,3801686.0,Wednesday
1851.528977778926,1435.9795743227005,2.865559407634576,11.150075912475586,0.2470672577619553,6199,86.0,78601737,3014974.0,Thursday
2391.875258178833,3447.871856093407,0.85548138664344,2.1043214797973637,0.2481759190559387,11551,203.0,72870891,4488656.0,Friday
2451.29644568805,5620.5270916223535,0.8180139463538244,2.0113677978515625,0.2671030461788177,12393,206.0,70098807,7051159.0,Saturday
2268.7759025154114,8222.272753238678,1.2099628295180225,12.145428657531738,0.3164164125919342,11746,115.0,79664071,3487096.0,Sunday
2109.650373013587,2470.5210387331163,0.9767038274842464,15.799121856689453,0.2829048335552216,8327,141.0,76229659,3774838.0,Monday
1778.621907750421,1135.5540154355851,1.51953580724182,7.920000076293945,0.2796080410480499,5051,71.0,81205537,1832123.0,Tuesday
1893.4497111769736,3034.9370629787445,0.7999654959565752,1.909551858901977,0.2377707064151764,7362,102.0,78184803,3691956.0,Wednesday
1875.411981173396,2775.177498102188,1.8419558747062788,15.281420707702635,0.2937653362751007,7567,83.0,76964354,3402451.0,Thursday
1798.1276831408436,1544.287852525711,0.8546152911550714,2.1549813747406006,0.2574324309825897,4846,62.0,80501699,2148589.0,Friday
1999.13541610856,4148.9064877033225,1.167778817330274,4.2541351318359375,0.2631105780601501,9374,107.0,62778418,5409748.0,Saturday
1700.7452788123296,426.37168884277344,0.9730348613186764,3.3376276493072514,0.8793458342552185,4884,58.0,58564282,568649.0,Sunday
1880.9394955284274,2207.021270751953,0.7755297875716225,15.31873893737793,0.2651024758815765,6441,96.0,77412854,3492132.0,Monday
1755.5716397115075,963.0904610157013,0.9717342512228772,10.918676376342773,0.32622283697128296,4461,58.0,80686122,1291883.0,Tuesday
1909.5727719128922,3185.458982110024,0.7213618890760521,1.6906852722167969,0.25472837686538696,7279,88.0,78790775,3954301.0,Wednesday
1938.6602604529267,3314.5462862253194,1.6107981822033153,5.734203815460205,0.316853404045105,7337,90.0,76545037,4428596.0,Thursday
2008.8107567792288,5587.0177545547485,1.17986052988958,9.9315185546875,0.27091038227081304,13223,211.0,76958567,5536699.0,Friday
2273.697478705937,8382.85770905018,0.8386538755490228,1.588438630104065,0.25479185581207275,15784,207.0,67975403,9864255.0,Saturday
2144.3651718524693,5869.425144433974,0.8278381238645818,2.4600000381469727,0.254791259765625,11060,148.0,73619319,7765963.0,Sunday
1980.722038063445,3388.289891719818,0.7968676832450512,1.2678191661834717,0.3358605206012726,8948,119.0,75626192,5111010.0,Monday
1758.3679011732609,939.035654425621,0.8336293411385366,3.556492328643799,0.2818920016288757,4748,69.0,79689191,1503522.0,Tuesday
1952.9123173723542,3272.422666907311,0.5284105966456967,1.3462965488433838,0.2543478906154633,9350,131.0,76760794,4659820.0,Wednesday
1720.9390601472878,747.5555566549301,0.8109715472862479,1.588458776473999,0.3281676471233368,3448,56.0,81910116,896275.0,Thursday
1903.89364535598,3593.6629356145863,0.7829513559630931,10.600000381469727,0.2688261866569519,8967,112.0,79647297,3864539.0,Friday
1983.6122719409204,3833.7886327505107,0.6580231242156049,1.7941017150878906,0.31995752453804016,9166,125.0,77133015,5157900.0,Saturday
2349.622977197415,8595.2582193017,0.7360456476212379,4.967587947845459,0.2679249346256256,15223,161.0,78207914,4622701.0,Sunday
1869.0187417515388,2967.4866730025537,0.771362773691506,1.505279779434204,0.34297385811805725,7201,94.0,77610303,3298728.0,Monday
1764.08106254031,748.2278455445044,0.7067578986364466,10.61728572845459,0.3394858241081238,4196,44.0,80011833,1596213.0,Tuesday
1921.173681170338,3328.766191005707,0.5815211195551483,1.4024367332458496,0.2508245408535004,7432,98.0,76729476,4144890.0,Wednesday
1782.3779192894842,1334.9833828976725,1.1125727903750695,1.8439950942993164,0.33107417821884155,5586,73.0,75813308,1893063.0,Thursday
1876.7601789863854,3154.1090389916335,0.7037150252462251,5.462302684783936,0.2511196136474609,6861,85.0,77858713,3424324.0,Friday
1831.4656395631216,2681.909173488617,0.764421815690068,2.0999999046325684,0.3298870623111725,5756,72.0,82773734,2689463.0,Saturday
2321.450253117,7934.438784420491,0.8538276049303318,8.419540405273438,0.32360005378723145,11540,131.0,76743340,4196596.0,Sunday
1904.173979793136,3100.977681875229,0.5890034546221757,1.4918032884597778,0.2775532603263855,8893,117.0,75760031,3869091.0,Monday
1772.706145448044,1354.7360479831696,0.4088895676890522,1.257091045379639,0.25482678413391113,4218,57.0,79463533,1736145.0,Tuesday
1878.0712319588833,4623.471049785614,0.5656765042799006,7.76474142074585,0.24712415039539334,7530,97.0,78399376,3445597.0,Wednesday
1922.3808693087005,4482.5758798122415,0.4254647087160395,1.6908628940582275,0.26027244329452515,7237,95.0,78822075,4164476.0,Thursday
1755.5677715349982,2713.976998090744,0.43479523535843057,1.4016274213790894,0.26027244329452515,4432,63.0,79389636,1458093.0,Friday
1804.1429060246207,2935.869474172592,0.43734408111754375,1.804370880126953,0.26027244329452515,5080,70.0,83237115,2246179.0,Saturday
1724.2707916373402,1908.8923844099045,0.4536554311207757,1.231206297874451,0.26027244329452515,3741,39.0,83254436,950329.0,Sunday
2155.48376131541,8265.689954042435,0.6093553451399145,4.3245487213134775,0.042667873203754425,11066,124.0,76423770,2013786.0,Monday
1784.432954591321,2359.365678548813,0.762856984003817,11.045316696166992,0.2548195421695709,4356,66.0,80038427,1926402.0,Tuesday
1779.0126093903436,2588.2699741421193,0.5843791955278371,2.534043550491333,0.2531992197036743,4902,71.0,79989246,1838459.0,Wednesday
1771.0456037663205,2666.082611173585,0.5952945677190875,2.6247789859771733,0.279825896024704,4671,63.0,81048196,1709204.0,Thursday
1844.8171817562152,3840.0907254219055,0.7889319699002022,2.007069826126098,0.27158862352371216,6094,75.0,80498110,2906078.0,Friday
1924.123216022901,5815.0396819114685,0.6785449313225618,3.7875027656555176,0.26027244329452515,8676,113.0,80264640,4107729.0,Saturday
1811.4324470401446,3682.0913932323456,0.497436315570265,1.7685685157775881,0.2454378604888916,6167,79.0,83302595,2364443.0,Sunday
1910.299001450185,5975.304133653642,0.7205956937128951,15.641190528869627,0.2539607286453247,10776,144.0,73113112,3968461.0,Monday
1814.6410325680604,2807.70392203331,1.0670134361654542,1.5880584716796875,0.4671205282211304,4514,65.0,82566343,2416503.0,Tuesday
1855.0509610825227,4534.077751517296,1.2253685127560163,14.574091911315918,0.27158862352371216,7476,100.0,78780647,3072112.0,Wednesday
1831.526750199975,3314.7785358428955,0.521157735013796,3.057316780090332,0.26132240891456604,5779,78.0,78808507,2690458.0,Thursday
1831.1247170489253,4274.621597528459,0.8261576721556395,1.7654565572738647,0.2549028992652893,7277,105.0,79447873,2683932.0,Friday
2205.491156641803,10765.523117303848,0.8494063961208667,1.517193078994751,0.2642601430416107,15794,209.0,76542686,8489517.0,Saturday
2300.2709319661085,8334.613768815994,1.046531566315786,9.191460609436037,0.26027244329452515,12654,188.0,70644054,10295387.0,Sunday
1977.890120891038,6727.8397564888,1.1061142768473111,8.386772155761719,0.26027244329452515,10643,150.0,75768834,5065063.0,Monday
1741.610829224038,2347.807106733322,0.5365746212476938,6.434117794036865,0.2829048335552216,4404,64.0,79364081,1231653.0,Tuesday
1745.6339667551183,1785.7979049682615,0.9858460283270828,2.4669065475463867,0.2911936640739441,3434,46.0,79014316,1296928.0,Wednesday
1908.2843463224985,5295.585291028023,0.5976634862388226,5.230000019073486,0.28310754895210266,9092,130.0,65333484,3935775.0,Thursday
2615.0286427373085,13391.648553252218,1.5908493399905013,22.235570907592773,0.2548747360706329,20702,300.0,57329396,15402035.0,Friday
2392.915135538089,9899.050591349602,0.6201158750236279,1.7894755601882937,0.26027244329452515,15450,226.0,70213153,11797246.0,Saturday
2532.9183205944896,13721.284147262571,0.8410080798119751,1.5195220708847046,0.2547648549079895,20734,291.0,59990496,14069759.0,Sunday
1740.970364569743,2826.335373401642,0.5353601586052971,4.3867530822753915,0.27158862352371216,5080,75.0,81608245,1221261.0,Monday
1908.0300821152696,4687.831856489182,0.9370343414484046,7.538658618927003,0.2830793857574463,8112,130.0,68923869,3931654.0,Tuesday
1933.0571920458665,4752.873123884201,1.0890103190398284,9.135724067687988,0.25480905175209045,8388,118.0,73647640,4337692.0,Wednesday
2214.486101518282,7851.659745693207,1.9377618952991,17.22075080871582,0.27176523208618164,11710,161.0,67948555,8903606.0,Thursday
2688.799418923945,14908.225924253464,0.7906119368423811,3.890559434890747,0.26027244329452515,22080,283.0,68540865,16598889.0,Friday
2748.2558874096144,15931.779304981234,0.9185094656195236,3.0999999046325684,0.29422104358673096,23495,322.0,64937426,17563511.0,Saturday
2419.3891028827093,13097.769323825834,1.8250829427136035,20.29629898071289,0.2453511208295822,20290,273.0,63988624,12227967.0,Sunday
1777.0193800086831,2416.8327844142914,3.5918660534494085,15.465073585510256,0.27158862352371216,4245,60.0,77174027,1806125.0,Monday
1928.1500140318105,4219.8305757045755,1.0257762150562488,14.985910415649414,0.26508042216300964,7331,115.0,72482575,4258078.0,Tuesday
1865.9169341036395,4712.824027299881,0.8367217066367219,2.9993708133697514,0.2548392415046692,7719,97.0,78309916,3247936.0,Wednesday
1796.0392294703,2759.7485740184784,0.6865081331741263,8.894186019897461,0.2427642345428467,4589,64.0,74479021,2114703.0,Thursday
1800.2007249508285,2912.0445930957794,0.6389316837393562,10.720186233520508,0.2453877478837967,5386,76.0,77992536,2182221.0,Friday
1867.2158824373541,4019.929451227188,0.6299288822235651,1.4682046175003052,0.27158862352371216,6416,90.0,79952582,3269477.0,Saturday
2046.9685696039405,7385.868214607239,0.5191585323920693,2.759999990463257,0.24264396727085116,11035,130.0,76904400,6185795.0,Sunday
1802.3213054804135,3267.551009654999,0.7551240448871035,18.892108917236328,0.2548189461231232,5647,84.0,80067107,2216624.0,Monday
1776.974676423549,2433.570670962333,0.5866166981470645,10.734353065490724,0.2829048335552216,4464,62.0,74680959,1805399.0,Tuesday
1884.344456132736,4710.630488395691,0.4252423190473508,5.956921577453612,0.2558203637599945,7444,95.0,79013724,3547374.0,Wednesday
1902.9103419119406,5288.594162940979,0.4894785443498513,1.5885406732559204,0.26027244329452515,8223,117.0,77524649,3848584.0,Thursday
1814.339125874084,2666.6794357299805,0.6195809242331151,1.5,0.27158862352371216,4569,72.0,81025128,2411603.0,Friday
2044.9794102973196,5508.9930720329285,0.7260944185309907,13.829999923706055,0.2427251636981964,9520,144.0,72019437,6153523.0,Saturday
1878.3687009830846,3423.457567214966,4.021827778311887,16.736108779907227,0.25483688712120056,6113,90.0,75624425,3450420.0,Sunday
1787.2423809445356,3615.7761507034297,4.2460909323211276,9.519865036010742,0.2829048335552216,6455,93.0,79140763,1971985.0,Monday
1993.573286995848,6351.055751079045,0.7713145889824865,15.027382850646973,0.26027244329452515,10114,144.0,73857789,5180974.0,Tuesday
1883.4684324403167,4731.0189845624345,1.4469978111057284,11.299278259277346,0.25482410192489624,7668,100.0,77841405,3533162.0,Wednesday
1782.7279246115475,2023.0716741085046,1.2313194397349092,17.04463768005371,0.27158862352371216,3686,49.0,80646817,1898741.0,Thursday
1930.6606647458893,4198.052586555481,0.5067916675271131,3.849999904632568,0.26027244329452515,7096,98.0,75948179,4298807.0,Friday
2049.980919501409,6199.220710619011,0.5895752001725977,1.4241796731948853,0.256448358297348,9879,140.0,73948374,6234671.0,Saturday
1984.246213276078,5978.127173797569,0.5976870903027923,9.332292556762695,0.26027244329452515,9360,132.0,78877272,5168184.0,Sunday
1850.9077561740246,3198.98220205307,0.8517612632406932,5.427083969116211,0.26027244329452515,5240,64.0,78314813,3004895.0,Monday
1995.0588188924853,4555.726499319077,0.6998750837658954,1.3364064693450928,0.2730539441108704,7667,109.0,76301268,5343608.0,Tuesday
1818.1891752269876,2559.66344499588,0.553195321656161,2.1184017658233643,0.27158862352371216,4398,59.0,77616199,2474064.0,Wednesday
2003.2101614898954,6608.536439418793,1.1221506829129229,2.368100166320801,0.3114576041698456,10403,148.0,76806225,5474440.0,Thursday
1910.8006973041033,4207.110070824623,1.1592796243033068,17.546527862548828,0.26027244329452515,7150,122.0,76542087,3976601.0,Friday
1710.4761006883068,2037.6540439128878,0.4421870401278097,1.279444456100464,0.26027244329452515,3652,53.0,85501673,726523.0,Saturday
1972.355807226905,4648.01015996933,0.4897364604189376,11.494949340820312,0.25469571352005005,7987,131.0,75989696,4974024.0,Sunday
1777.6680250029385,2183.7450108528133,0.4096862962988013,1.2175058126449585,0.2427164763212204,3692,49.0,80992338,1816647.0,Monday
2046.1629727498728,7210.2044887542725,0.5383128427261916,2.720982789993286,0.26027244329452515,10724,133.0,77215040,6112051.0,Tuesday
1949.5850206281527,5062.009561061859,0.7321825996652083,1.307522535324097,0.248255267739296,8169,118.0,78293600,4605838.0,Wednesday
1780.089783118369,3128.749381542206,0.7809980436192303,10.243242263793944,0.26027244329452515,5231,76.0,78417119,1645946.0,Thursday
1903.720510342629,4172.00012421608,0.8462669631355504,10.039999961853027,0.26027244329452515,7596,103.0,72526608,3861733.0,Friday
1710.035753938537,2932.485146760941,0.4851886007123111,1.3990802764892578,0.26027244329452515,5093,70.0,85680622,719378.0,Saturday
1838.33609842408,3595.6856606006622,0.9764156111925892,9.856563568115234,0.26027244329452515,5609,61.0,82076329,2800929.0,Sunday
1871.669456734,3813.3554253578186,2.2263191114926166,15.912477493286133,0.29422104358673096,6889,106.0,75333430,3341734.0,Monday
1776.074356231186,2594.987050056457,0.6307069827810458,7.487762451171875,0.26027244329452515,4529,74.0,79061383,1790794.0,Tuesday
1838.460957296774,3647.093380451202,0.4432795988193905,1.3063327074050903,0.2454171627759933,6519,106.0,71131749,2802954.0,Wednesday
1759.4369990865973,2572.3096299171452,0.6167003347371661,16.613069534301758,0.27158862352371216,4385,64.0,79993131,1520868.0,Thursday
1816.571205543362,3810.2248724699016,0.6382827319981762,14.779999732971193,0.23777084052562714,6041,82.0,76183840,2447813.0,Friday
1789.3993384999499,2773.495532035828,0.411665434751879,1.3062403202056885,0.26027244329452515,4647,61.0,78216227,2006979.0,Saturday
1811.2794282816226,2777.723469018936,0.5400775579751076,11.696162223815918,0.2548252046108246,4729,74.0,80872198,2361966.0,Sunday
1866.3108625280097,3159.1022829561266,0.8336531614889942,5.147078990936278,0.2547371685504913,5267,80.0,79362698,3254794.0,Monday
1996.582774412229,4532.329536244389,0.5423795308139256,5.690661907196045,0.26027244329452515,7721,112.0,76791686,5368332.0,Tuesday
1831.470643314053,3047.175416707993,0.6467348530027417,11.417842864990234,0.26045385003089905,5560,75.0,80212414,2689546.0,Wednesday
1903.9431460072335,4279.319683313371,2.5878613120126532,25.20000076293945,0.24711720645427704,7274,110.0,63802384,3796050.0,Thursday
1681.462416454563,481.53661346435547,0.6349122673273087,0.922003209590912,0.34782132506370544,859,10.0,84766962,255804.0,Friday
1859.7540226769586,4026.0666999816895,1.0440450657983895,18.672929763793945,0.2668967545032501,6873,98.0,79571982,3148420.0,Saturday
2125.8253912247033,3267.51686167717,0.908843345918293,4.27492094039917,0.26027244329452515,6743,128.0,77971997,2935227.0,Sunday
2121.1193415844027,5639.597117185594,1.1103065827325558,16.709999084472653,0.3305732905864716,9591,165.0,68348168,7388821.0,Monday
1871.2021574803546,2903.1978545188904,0.9524169059841014,2.9521987438201904,0.2613734006881714,5321,83.0,73667356,3334153.0,Tuesday
1777.6034968861995,3555.4242103099823,0.6078922285233921,1.2395063638687134,0.246446892619133,5973,90.0,78698347,1815600.0,Wednesday
1880.7531036481832,3984.95956659317,0.7999626574187553,11.835898399353027,0.26027244329452515,7111,105.0,74223482,3489107.0,Thursday
1773.5763878052685,2733.0164439678188,0.5002478553252081,1.483030915260315,0.2428755760192871,4854,74.0,77623126,1750266.0,Friday
2265.138620337544,9660.191556453703,0.5713242501945279,4.119999885559082,0.2455233633518219,14663,202.0,71934516,9725398.0,Saturday
2045.8142537354806,2863.7159684932753,0.9847789742801096,14.335857391357422,0.2426661401987076,6477,110.0,77675740,1722386.0,Sunday
1864.0831601891068,3945.040461178967,1.3395824141518322,16.052091598510742,0.26027244329452515,6899,103.0,70312603,3218656.0,Monday
1779.633176921165,2840.4120501279826,2.2462457233673194,15.181793212890625,0.24720899760723114,4938,74.0,80205312,1848536.0,Tuesday
1827.9690543978124,3758.179292678833,1.912068461729468,7.550000190734862,0.2426324337720871,5944,71.0,81354985,2358443.0,Wednesday
1758.9859793768176,2178.121591806412,0.4994872274453451,9.083462715148926,0.26027244329452515,3999,54.0,77536776,1513549.0,Thursday
1732.1942414664616,1768.653721690178,0.7280054820132577,14.324813842773438,0.27158862352371216,2802,44.0,74895835,1078880.0,Friday
1827.1096182789408,2299.323679447174,0.6947760549786727,7.833522319793701,0.26027244329452515,3797,53.0,78318067,2618792.0,Saturday
